{
  "project_info": {
    "project_number": "850313965900",
    "project_id": "tweet-333c1",
    "storage_bucket": "tweet-333c1.appspot.com"
  },
  "client": [
    {
      "client_info": {
        "mobilesdk_app_id": "1:850313965900:android:14c3835705b848e03adfe9",
        "android_client_info": {
          "package_name": "com.example.tweet"
        }
      },
      "oauth_client": [
        {
          "client_id": "850313965900-uatot39958eomf357dbb7lka9enpgtj2.apps.googleusercontent.com",
          "client_type": 3
        }
      ],
      "api_key": [
        {
          "current_key": "AIzaSyDVElF9J3j6JUL7PRjVFFrlotbKJIxMB7k"
        }
      ],
      "services": {
        "appinvite_service": {
          "other_platform_oauth_client": [
            {
              "client_id": "850313965900-uatot39958eomf357dbb7lka9enpgtj2.apps.googleusercontent.com",
              "client_type": 3
            }
          ]
        }
      }
    }
  ],
  "configuration_version": "1"
}